ID,Turnover,JS,OC,TI,Naff
1,1,3.78,4.41,4.16,1.82
2,0,4.52,2.38,2.74,2.28
3,1,2.26,3.17,2.76,2.25
4,1,2.48,2.06,4.32,2.11
5,0,4.12,6,1.37,2.01
6,1,2.99,0.4,3.24,2.73
7,1,2.44,4.07,2.63,2.91
8,1,2.31,3.04,1.94,2.62
9,0,3.87,3.02,3.69,2.89
10,1,4.62,1.19,1.96,2.45
11,1,0.94,1.51,3.12,2.56
12,0,3.26,2.88,1.91,1.34
13,1,2.25,2.61,3.93,2.26
14,0,3.53,4.13,2.58,2.1
15,1,1.39,1.92,2.68,2.69
16,1,2.1,1.2,3.77,1.2
17,0,3.06,3.25,2.67,1.95
18,0,2.38,2.3,3.84,3.75
19,1,3.69,3.2,4.46,2
20,1,4.8,4.33,3.01,1.72
21,0,2.27,3.15,2.73,1.84
22,0,3.18,3.36,3.31,2.41
23,0,4.26,2.12,0.44,1.54
24,0,3,5.59,1.37,2.17
25,1,2.15,1.99,3.25,2.08
26,1,0.95,2.93,2.76,2.17
27,0,2.69,3.63,2.65,2.13
28,0,1.06,2.34,3.05,1.88
29,1,2.91,1.9,2.85,2.93
30,1,2.83,3.47,2.85,2.3
31,1,2.12,1.42,3.51,2.99
32,0,5.58,3.29,1.35,1.53
33,0,4.27,4.12,3.71,1.72
34,0,2.46,2.42,3.11,3.08
35,0,2.15,3.29,2.43,2.69
36,1,4.87,1.03,4.07,2.35
37,0,5.93,6,1.16,2.9
38,0,2.55,3.4,2.28,3.38
39,1,2.16,3.5,2.8,2.35
40,1,2.91,4.13,2.75,2.51
41,1,4.12,3.76,2.61,2.02
42,1,2.42,0.99,4.15,3.08
43,0,3.91,4.05,3.47,2.33
44,1,4.7,4.94,2.2,2.65
45,0,1.15,2.7,2.68,2.07
46,0,4.95,3.56,3.38,3.09
47,1,4.33,2.08,2.57,2.04
48,1,1.67,2.94,2.73,2.38
49,1,3.12,1.81,2.59,2.85
50,1,1.62,2.5,2.96,3.38
51,1,2.47,0,4.62,2.56
52,1,3.28,3.68,3.15,2.11
53,1,4.89,4.41,3.45,1.03
54,0,3.87,4.35,2.11,1.87
55,1,5.15,5.27,2.39,1.82
56,1,1.76,3.69,2.72,2.38
57,1,1.18,1.65,2.38,1.47
58,1,2.85,0.41,3.1,1.87
59,1,4.24,1.33,2.06,2.46
60,0,2.81,1.76,3.32,2.6
61,1,3.7,3.62,0.92,2.38
62,1,5.88,3,1.91,2.12
63,0,2.34,4.46,2.34,2.7
64,1,6,3.33,2.29,2.63
65,1,0,0.78,4.07,2.06
66,1,1.75,3.5,3.77,2.73
67,0,4.5,4.07,3.02,2.17
68,0,3.45,3.71,2.23,2.92
69,1,3,3.05,1.66,2.21
70,0,4.05,1.65,3.28,1.76
71,0,1.93,3.3,0.86,3.02
72,1,1.66,1.66,3.89,3.84
73,0,4.02,2.81,3.48,1.57
74,1,2.59,3.13,3.22,3.36
75,1,5.6,4.95,2.12,2.47
76,1,4.73,5.35,0.92,1.79
77,1,1.56,4.51,1.49,1.99
78,0,3.86,3.12,2.91,3
79,0,4.73,5.54,1.92,2.08
80,1,4.49,3.61,2.21,2.58
81,0,4.27,4.66,3,1.59
82,0,3.73,4.07,4.06,1.89
83,0,5.37,3.04,2.18,2.71
84,1,4.3,0.33,3.8,2.85
85,1,3.51,4.9,2.36,2.47
86,0,3.37,3.64,2.46,1.93
87,1,3.08,2.01,1.89,2.02
88,0,5.97,6,3.4,1.83
89,0,2.19,4.09,2.89,2.53
90,1,2.64,3.94,2.46,0.86
91,1,4.07,3.2,3.02,2.48
92,0,3.34,6,2.52,2.43
93,1,2.69,2.56,3.3,2.75
94,0,3.24,3.54,3.05,3.03
95,1,2.48,5.11,3.73,1.86
96,1,5.47,2.82,2.81,2.02
97,1,3.36,3.78,3.43,2.04
98,0,2.37,2.18,1.32,2.12
99,1,2.26,5.12,2.74,2.94
100,1,5.02,4.29,2.83,2.64
101,0,3.13,1.6,2.68,1.53
102,1,2.13,2.08,3.21,2.85
103,1,2.13,2.01,4.35,2.82
104,1,1.05,0.7,3.57,1.54
105,1,3.02,1.19,3.92,2.97
106,1,2.56,1.79,3.35,2.9
107,1,4.77,3.32,1.44,1.8
108,0,4.88,4.33,1.88,1.83
109,0,2.86,1.94,2.33,1.74
110,1,3.08,1.1,1.85,2.87
111,0,3.18,4.82,1.89,1.85
112,0,3.62,1.18,2.37,1.84
113,0,2.58,5.32,1.57,2.01
114,0,3.28,2.08,2.51,2.36
115,0,4.16,4.96,1.48,3.52
116,0,5.06,4.33,1.28,2.29
117,0,0.88,3.27,1.12,3.05
118,1,1.95,2.89,3.08,3.25
119,0,3.01,3.5,2.2,2.24
120,1,4.22,4.72,2.55,2.06
121,1,3.12,4.05,3.61,2.42
122,1,2.59,0.84,3.43,1.75
123,1,3.99,2.05,3.29,1.77
124,0,3.33,5.04,1.41,2.74
125,0,2.91,2.35,2.87,2.69
126,1,2.54,2.2,4.13,1.53
127,1,2.26,1.64,4.93,2.89
128,1,3.55,1.04,3.18,1.6
129,0,3.43,5.88,2.67,2.93
130,0,4.19,2.61,2.84,2.49
131,0,1.65,2.77,3.33,3.43
132,1,2.59,3.4,4.47,2.32
133,1,3.81,2.36,2.63,1.72
134,0,2.31,1.45,2.19,2.27
135,1,2.16,5.19,2.97,2.44
136,0,4.63,4.74,1.07,2.39
137,0,4.73,3.03,3.32,2.3
138,1,2.14,2.35,1.49,1.93
139,1,4.27,3.66,3.57,2.68
140,1,3.65,4.09,1.93,2.28
141,1,2.24,3.44,2.93,2.18
142,1,5.46,5.38,1.91,2.52
143,0,3,1.86,2.2,2.45
144,1,5.38,3.85,3.05,2.09
145,1,4.28,0.72,3.12,2.39
146,0,1.97,3.38,2.64,2.44
147,1,4.89,3.01,3.34,2.6
148,1,5.72,2.56,4.4,2.08
149,1,3.31,3.93,3.17,1.94
150,1,4.03,5.55,0.68,2.01
151,0,4,3.67,1.99,2.82
152,0,3.25,3.73,2.68,2.37
153,1,3.63,4.24,2.61,1.78
154,0,4.37,5.21,0.9,1.84
155,0,4.53,4.71,2.1,2.76
156,1,2.88,2.2,3.86,2.22
157,0,3.96,2.49,2.6,1.91
158,1,2.4,0.47,1.93,2.69
159,0,3.1,3.11,2.52,1.68
160,1,3.41,2.64,3.59,1.96
161,1,2.17,2.08,2.61,2.34
162,1,2.07,2.39,2.17,3.15
163,1,2.49,0.51,3.44,3.22
164,0,2.82,1.7,3.03,2.46
165,1,2.2,2.91,3.37,2.44
166,1,3.3,2.73,1.8,2.6
167,1,1.77,2.97,3.01,2.79
168,1,1.84,4.16,4.28,1.97
169,0,3.94,5.66,2.65,1.71
170,0,2.53,2.88,2.78,0.91
171,1,5.77,3.57,3.45,2.41
172,1,2.75,2.54,3.83,1.89
173,0,2.86,5.15,2.06,2.42
174,0,3.87,2.21,0.92,2.03
175,0,3.44,3.15,1.4,2.4
176,1,3.33,1.61,3.12,3.59
177,1,0.94,3.44,2.33,3.2
178,0,3.42,5.05,1.73,1.84
179,0,3.21,2.8,2.03,2.27
180,1,2.09,0.96,2.45,2.89
181,0,3.5,2.71,2.12,2.41
182,0,3.62,2.87,2.88,2.91
183,0,3.81,2.16,2.28,1.92
184,1,0.47,4.58,2.65,2.82
185,0,3.01,1.85,2.93,3.01
186,0,3.19,3.39,1.36,2.17
187,0,2.93,3.95,2.2,1.62
188,0,4.85,0.96,2.47,3.02
189,0,2.72,1.71,2.53,1.85
190,0,2.18,3.03,3.74,2.76
191,1,5.69,5,2.42,3.01
192,1,1.75,1.99,2.18,2.26
193,0,4.68,4.45,1.45,1.62
194,1,2.79,2.95,2.47,2.97
195,1,1.93,2.56,2.31,3.12
196,1,2.54,4.55,3.03,1.73
197,0,2.96,1.61,2.43,2.67
198,1,2.53,3.31,3.8,2.59
199,0,3.53,2.69,3.11,2.41
200,0,4.09,3.05,2.18,1.98
201,1,2.8,3.1,1.87,2.4
202,0,3.2,3.07,2.62,2.16
203,0,3.36,3.9,2.69,1.92
204,0,2.59,3.81,3.87,2.35
205,1,4.24,2.56,3.27,1.91
206,1,3.62,2.78,3.28,1.98
207,0,5.24,1.85,2.48,1.86
208,0,4.64,1.94,1.27,2.61
209,1,2.64,0.17,3.3,1.93
210,1,4.64,2.67,1.18,2.47
211,1,2.19,3.91,1.57,2.25
212,1,2.91,2.07,3.77,2.31
213,0,4.44,5.39,2.18,1.77
214,1,2.25,2.23,4.69,2.09
215,0,3.23,2.1,2.66,3.26
216,1,2.48,0,3.54,2.59
217,1,2.79,2.51,3.67,2.88
218,0,3.16,3.18,1.78,1.82
219,0,4.66,3.3,2.81,1.74
220,0,4.65,4.02,1.18,1.41
221,1,1.22,1.69,3.12,2.91
222,0,2.96,6,2.46,2.34
223,1,3.54,4.24,2.77,2.59
224,0,3.66,1.29,1.96,2.96
225,1,4.65,2.7,2.72,2.3
226,1,1.76,1.77,3.58,2.49
227,1,3.1,1.61,3.77,2.2
228,1,3.15,2.1,3.83,1.86
229,1,2.32,3.3,3.8,1.94
230,1,3.49,2.06,3.42,2.14
231,1,4.14,4.08,3.82,1.97
232,1,4.38,2.31,3.2,1.26
233,0,5.32,4.61,1.93,1.86
234,0,2.66,0.68,1.5,3.65
235,1,5.35,4.65,2.08,1.9
236,1,2.98,3.6,3.83,3.14
237,1,2.42,4.05,2.93,2.06
238,0,3.87,4.07,1.75,3.13
239,1,1.1,2.3,2.95,1.97
240,0,5.06,2.51,1.6,2.65
241,0,2.01,1.85,3.86,2.39
242,1,3.99,2.31,3.7,2.36
243,1,4.81,3.8,1.44,3.04
244,1,4.92,2.27,3.96,2.44
245,1,1.37,2.61,3.47,2.21
246,1,2.93,3.15,2.66,2.37
247,0,4.22,4.27,1.53,1.52
248,0,3.11,2.75,2.12,2.16
249,1,2.46,3.72,4.19,3.05
250,1,3.78,1.29,2.88,2.2
251,0,2.18,1.99,2.57,1.96
252,0,3.84,4.98,2.9,1.58
253,0,5.75,4.15,0,1.77
254,0,3.88,2.55,2.28,1.36
255,0,3.2,4.12,2.73,3.01
256,0,4.37,3.85,2.12,1.84
257,1,4.68,2.58,3.55,2.81
258,1,2.07,5.63,3.7,2.55
259,1,3.16,3.2,3.12,1.12
260,0,3.39,2.7,2.24,2.25
261,1,1.37,1.85,3.72,3.02
262,1,2.89,6,2.97,2.58
263,0,5.05,2.15,1.81,2
264,1,3.46,2.7,2.23,2.72
265,0,5.51,2.77,0.93,2.02
266,0,3.15,5.75,2,2.56
267,1,5.05,2.07,2.77,1.88
268,1,2.3,0,4.17,2.04
269,1,2.17,2.39,2.27,2.31
270,0,4.28,5.55,0.79,1.69
271,0,4.67,3.19,1.87,3.03
272,1,1.38,2.13,2.01,2.02
273,0,2.09,2.72,1.24,2.82
274,1,1.11,0.95,3.65,1.97
275,1,1.91,1.33,4,2.68
276,1,0,2.53,3.98,3.5
277,0,2.03,3.39,4.2,2.33
278,1,1.1,3.04,4,1.57
279,1,5.38,5.12,2.33,1.52
280,0,3.39,2.9,2.45,2.14
281,0,2.43,3.22,1.68,2.01
282,1,2.35,3.11,3.09,2.77
283,1,2.16,1.73,3.75,1.87
284,0,0.92,1.87,2.6,1.47
285,0,3.26,5.25,2.92,2.81
286,0,4.18,3.09,2.4,1.9
287,0,3.89,3.25,1.2,3.03
288,0,3.89,4.67,3.11,2.22
289,0,3.09,5.03,1.43,2.82
290,1,4.2,2.28,2.47,2.02
291,0,2.24,2.9,1.76,2.49
292,0,3.67,3.21,2.53,2.4
293,0,3.21,1.85,3.25,1.57
294,0,2.55,3.6,2.06,1.36
295,0,4.93,6,2.09,2.39
296,1,2.95,2.48,3.48,2.28
297,0,4.62,4.5,3.12,2.36
298,1,4.92,3.98,3.2,1.75
299,0,2.46,3.77,2.45,2.85
300,0,2.48,6,1.03,1.73
301,1,3.33,2.15,2.19,3.25
302,0,2.19,3.77,3.29,2.53
303,1,2.41,3.2,5.63,3.04
304,0,2.74,2.23,1.88,2.88
305,1,3.65,2.12,2.49,2.2
306,1,1.98,1.51,2.13,3.11
307,1,1.64,2.9,3.49,2.45
308,1,2.74,2.92,3.18,2.09
309,1,1.3,1.43,2.29,3.22
310,0,4.9,4.12,2.64,1.48
311,1,3.71,2.27,2.92,2.07
312,1,3.46,2.57,2,1.75
313,0,1.82,2.06,2.63,2.42
314,1,3.73,1.88,3.55,3.26
315,0,3.2,3.13,1.04,2.9
316,1,0.04,3.19,3.62,2.07
317,1,3.87,2.73,2.91,1.17
318,1,3.43,2.43,1.58,0.56
319,0,3.34,4.64,0.64,2.42
320,0,3.86,3.83,2.74,2.22
321,0,2.53,3.01,2.34,0.89
322,1,4.64,3.58,2.7,1.43
323,0,1.82,2.96,2.92,2.63
324,0,3.93,4.1,2.62,1.76
325,0,2.93,4.47,2.69,2.61
326,1,2.2,2.76,2.87,2.26
327,1,4.08,2.93,2.48,3.05
328,1,5.67,3.43,2.99,2.24
329,0,2.09,4.72,2.4,2.6
330,1,3.78,4.02,1.86,2.08
331,0,3.27,4.62,1.77,1.82
332,0,2.74,2.5,1.61,3.6
333,1,4.07,3.62,3.61,2.52
334,1,0.99,1.46,2.22,2.44
335,1,4.28,2.36,3.96,2.79
336,0,3.08,3.39,2.41,1.83
337,1,3,3.12,3.62,2.28
338,1,3.72,5.02,1.58,1.92
339,1,3.61,1.75,1.6,1.69
340,0,4.38,5.28,1.1,0.8
341,0,4.54,5.43,1.34,1.67
342,1,2.59,4.5,3.1,2.32
343,1,2.58,4.95,3.42,2.45
344,0,4.44,5.4,1.88,0.87
345,1,1.36,5,4.49,1.91
346,1,2.67,2.44,3.66,2.08
347,1,4.03,4.53,3.21,1.98
348,0,2.48,2.12,3.22,2.22
349,0,3.12,3.83,2.51,2.04
350,0,2.57,3.94,1.69,3.02
351,1,2.52,3.42,1.92,3.28
352,0,2.01,3.79,1.85,2.14
353,0,5.08,3.7,2.02,1.76
354,1,4.48,2.64,2.11,2.76
355,1,2.15,4.58,3.51,2.46
356,0,3.91,5.04,2.93,1.77
357,0,3.43,1.96,2.07,1.57
358,0,5.76,4.73,1.79,2.08
359,0,3.88,5.07,2.46,2.41
360,0,4.67,4.49,2.08,2.09
361,0,2.98,3.38,3.1,2.43
362,1,2.84,2.99,3.03,2.58
363,1,2.29,1.54,4.16,3.27
364,1,4.84,4.26,2.47,1.99
365,0,5.64,4.49,0.87,1.65
366,0,4.31,3.01,1.44,2.25
367,0,4.35,2.71,1.7,2.62
368,1,3.47,4.29,3.68,2.17
369,0,3.8,4.98,2.39,2.06
370,0,4.68,5.91,1.77,2.86
371,0,2.84,4.42,4.29,1.84
372,1,1.92,3.48,3.45,2.7
373,1,3.66,2.24,2.95,2.94
374,0,3.05,3.67,2.57,2.47
375,0,3.87,1.2,3.49,2.34
376,1,5.87,3.44,4.16,2.25
377,1,2.59,2.19,2.66,2.35
378,0,3.71,4.42,2.3,2.05
379,0,2.44,4.87,2.36,1.55
380,1,1.96,2.79,3.14,1.4
381,0,4.45,3.66,3.07,1.78
382,0,4.15,4.15,1.21,2.77
383,0,3.28,1.94,2.02,1.46
384,0,2.88,3.14,2.3,2.69
385,1,4.13,4.51,2.25,2.2
386,1,3.35,3.65,2.37,2.7
387,0,4.22,4.38,2.37,3.01
388,1,2.82,0.85,3.52,2.28
389,1,3.3,4.25,2.89,2.85
390,0,5.11,2.27,2.39,1.44
391,1,4.19,3.53,4.13,2.3
392,0,6,3.61,2.07,1.91
393,1,3.64,3.95,4.39,2.64
394,1,3.39,3.7,1.88,2.5
395,1,4.75,2.68,2.57,2.52
396,0,4.26,4.03,2.5,2
397,0,4.58,5.59,1.2,1.59
398,0,3.83,3.47,3.23,2.32
399,1,3.93,1.47,2.97,1.97
400,1,3.53,3.4,3.69,2.3
401,1,4.22,6,2.79,2.16
402,1,4.18,2.27,2.45,2.25
403,0,5.37,3.4,0.34,0.24
404,0,2.16,1.71,3.32,2.91
405,0,3.6,2.99,1.93,1.24
406,0,3.28,5.21,1.16,2.59
407,1,3.3,3.92,2.62,3.08
408,0,2.78,2.6,2.05,2.15
409,0,3.93,5.3,2.7,1.38
410,1,0.14,0.49,3.72,2.62
411,0,3.1,4.59,1.13,2.37
412,0,4.24,4.6,1.43,2.7
413,1,2.16,2.33,2.45,2.11
414,1,3.93,2.22,3.22,2.53
415,1,4.32,3,2.84,3.12
416,1,3.45,3.23,2.77,2.15
417,1,0.41,2.05,3.97,3.02
418,1,2.41,3.81,2.8,2.55
419,0,6,6,1.98,2.09
420,0,1.99,2.8,3.69,2.4
421,0,2.29,2.02,2.16,1.87
422,0,2.34,1.58,3.12,2.68
423,1,2.1,3.46,2.35,3.22
424,1,4.21,3.34,3.11,1.75
425,1,3.17,2.21,4.03,2.79
426,1,2.95,2.34,4.36,1.63
427,1,4.97,2.25,2.57,2.21
428,1,3.86,2.16,3,2.25
429,0,3.17,5.01,2.94,2.22
430,1,3.02,2.01,2.76,2.84
431,1,3.79,2.71,3.09,1.02
432,0,2.25,3.4,2.44,1.7
433,0,3.93,2.69,1.61,2.17
434,1,3.63,0.28,5.1,2.04
435,1,3.06,2.36,3.35,2.19
436,1,1.93,2.25,3.69,3.22
437,1,1.51,0.51,3.37,3.45
438,0,3.54,5.96,2.55,2.61
439,0,2.77,2.61,2.6,2.38
440,0,3.87,3.23,2.24,1.72
441,1,3.56,2.49,3.15,2.36
442,1,1.82,2.97,2.64,2.63
443,0,4.39,2.97,3.07,1.9
444,1,5.2,1.42,3.35,1.5
445,0,4.38,3.23,2.63,2.33
446,0,1.49,1.14,4.16,2.47
447,1,3.82,2.28,2.51,3.01
448,0,4.75,4.23,1.01,0.57
449,1,3.39,0.36,5.6,3.13
450,0,5.15,4.3,2.92,2.31
451,1,4.27,3.07,1.45,2.34
452,1,3.28,2.95,1.26,2.08
453,0,5.72,3.58,2.16,2.19
454,1,4.25,1.87,3.4,2.31
455,1,4.8,2.89,3.3,1.66
456,1,2.91,2.57,4.32,2.54
457,0,3.59,3.76,2.31,2.67
458,0,2.74,4.43,1.99,1.63
459,0,3.13,3.18,2.19,2.31
460,0,3.99,2.36,2.32,1.86
461,1,3.4,3.33,3.02,1.39
462,1,2.17,1.02,3.31,3.08
463,1,2.88,3.19,4.23,2.22
464,0,2.38,3.31,3.02,2.41
465,1,4.32,4.25,2.18,2.78
466,1,1.81,1.38,2.85,2.08
467,1,3.66,1.67,2.78,2.61
468,0,3.38,1.79,3.08,2.12
469,0,4.62,3.55,2.99,1.08
470,1,3.01,3.15,3.42,1.37
471,0,2.42,4.7,2.52,2.77
472,1,3.56,2.17,4.13,1.81
473,0,5.05,3.1,2.19,2.39
474,1,1.16,2.58,2.83,3.1
475,1,4.87,4.68,2.07,1.5
476,1,0.89,5.51,3.16,1.61
477,0,2.43,0.09,2.08,2.44
478,0,2.99,3.52,2.16,2.4
479,1,2.52,1.55,3.46,2.36
480,1,0.95,3.08,3.11,2.69
481,1,3.85,4.84,2.55,2.18
482,1,2.9,0,2.95,2.17
483,1,2.21,1.88,4.26,2.41
484,1,1.15,3.51,3.42,2.47
485,1,3.13,4.15,2.92,2.19
486,1,4.08,3.03,2.85,1.77
487,1,4.44,1.81,2.83,1.5
488,0,3.54,4.97,1.96,2.54
489,1,1.24,1.79,2.78,2.07
490,1,2.12,5.41,2.52,2.59
491,0,4.32,3.92,1.59,2.44
492,1,2.6,2.68,2.67,3.11
493,0,3.23,4.04,3.03,2.43
494,0,3.15,2.38,1.46,2.31
495,1,2.49,1.46,3.96,2.06
496,1,3.27,3.03,1.76,2.52
497,1,4.3,3.36,1.92,1.83
498,1,2.64,4.39,2.71,2.03
499,0,2.83,2.72,1.65,1.81
500,0,3.94,5.44,2.8,1.72
501,0,2.59,3.21,2.47,2.08
502,1,3.26,4.42,2.55,2.43
503,1,3.94,4.05,2.39,2.04
504,0,5.44,3.72,2.2,2.51
505,1,2.44,4.26,3.6,2.32
506,1,4.06,2.04,3.23,1.72
507,0,2.44,5.59,1.05,1.96
508,1,1.54,2.49,3.27,2.25
509,0,2.4,1.82,2.68,2.51
510,1,2.08,2.16,3.01,2.92
511,0,3.91,3.72,0.96,2.41
512,0,5.01,4.74,0.54,2.2
513,0,2.53,5.32,1.29,3.13
514,0,4.64,4.22,2.19,2.67
515,1,1.59,3.18,3.95,1.81
516,1,3.26,1.75,1.99,3.1
517,0,4.03,1.77,4.15,1.86
518,1,3.22,6,2.43,2.93
519,1,1.06,1.02,3.67,2.84
520,1,3.68,3.03,3.92,2.17
521,1,1.92,2.18,1.99,2.07
522,0,4.38,3.39,1.35,2.11
523,1,3.85,3.84,2.59,2.65
524,1,2.88,4.33,2.11,2.99
525,1,2.1,4.21,3.63,3.34
526,0,4.8,5.34,2.96,2.03
527,1,4,4.96,2.75,1.65
528,1,2.13,1.85,3.06,2.65
529,1,3.23,2.81,3.88,1.33
530,0,2.79,1.1,1.41,2.08
531,0,4.8,2.21,3.25,2.03
532,0,2.54,4.28,2.05,1.98
533,0,4.13,4.33,1.7,2.14
534,1,2.21,2.54,3.07,2.69
535,0,2.18,4.03,0.98,2.49
536,1,1.46,3.72,4.18,2.61
537,0,3.55,2,1.76,2.48
538,0,3.78,4.67,0.99,2.71
539,0,3.92,6,1.52,3.24
540,1,2.8,3.82,2.12,1.61
541,0,2.26,2.81,3.01,2.92
542,0,3.94,4.08,3.12,2.23
543,0,5.13,5.15,1.19,2.04
544,1,1.87,1.06,2.8,2.32
545,1,2.1,3.06,3.16,2.68
546,0,4.36,4.74,2.19,1.46
547,0,2.29,1.81,2.35,2.01
548,0,2.75,3.02,3.07,1.8
549,1,3.39,1.19,4.17,2.16
550,0,2.82,1.87,3.74,1.88
551,0,4.63,6,1.53,2.04
552,1,2,2.74,1.81,2.42
553,1,6,3.6,1.22,2.17
554,0,2.54,2.96,3.71,3.03
555,0,4.68,2.89,3.59,2.46
556,0,5.32,4.51,2,2.21
557,0,2.52,2.07,2.96,2.57
558,1,0.86,1.6,3.32,3.17
559,0,2.78,1.33,2.24,1.97
560,1,1.62,2.91,3.54,2.43
561,0,5.52,5.4,1.26,1.97
562,1,3.49,2.89,4.29,2.13
563,0,4.42,1.46,2.48,1.41
564,1,2.29,4.54,2.26,2.26
565,1,5.03,4.06,1.4,1.84
566,0,4.67,3.13,2.14,2.17
567,1,5.18,4.51,2.3,1.79
568,0,5.03,3.03,2.42,2.04
569,0,3.87,2.98,4.11,2.97
570,0,4.11,4.01,1.58,2.17
571,0,4.16,4.24,2.52,2.17
572,0,3.45,6,2.26,2.94
573,1,4.79,3.04,3.04,2.41
574,0,3.87,4.52,1.48,2.48
575,0,2.37,2.34,2.01,2.15
576,1,2.55,2.32,3.56,2.51
577,0,4.26,2.47,2.29,2.45
578,0,1.83,2.53,2.93,2.42
579,1,3.11,2.22,3.61,2.31
580,0,3.42,3.94,2.78,2.16
581,1,1.76,3.17,3.14,2.94
582,1,3.12,3.61,1.86,2.61
583,1,3.61,3.19,4.27,1.28
584,0,3.76,3.91,2.85,1.52
585,0,4.83,3.21,2.54,2.89
586,1,3.16,2,3.96,2.11
587,1,0.11,0.94,3.71,3.36
588,1,2.37,0.57,4.04,2.16
589,1,1.72,1.01,2.64,3.07
590,1,5.55,0,2.94,2.44
591,0,4.21,3.89,4.23,2.07
592,0,2.47,1.97,2.89,2.4
593,1,2.89,1.76,3.46,2.15
594,0,3.82,6,2.33,1.89
595,0,3.42,1.97,2.46,1.48
596,0,6,2.36,2.84,1.93
597,1,6,2.49,3.62,1.84
598,1,1.45,2.41,2.26,2.55
599,1,3.44,0,3.66,2.02
600,1,2.43,2.84,3.24,2.56
601,1,2.24,2.29,5.12,1.75
602,0,5.07,3.95,2.03,2.17
603,0,4.97,4.16,3.14,1.88
604,1,3.58,4.27,2.74,1.9
605,1,4.29,3.54,3.69,3.11
606,1,4.9,2.02,4.8,1.9
607,0,6,2.67,1.97,2.25
608,0,1.44,4.13,2.91,2.64
609,1,2.86,2.46,3.67,2.58
610,1,1.34,2.64,2.92,2.47
611,1,4.07,4.12,2.66,2.42
612,0,1.31,2.85,3.07,2.95
613,0,4.13,3.67,3.25,2.05
614,0,4.65,4.56,2.58,2.47
615,1,2.28,4.11,3,2.55
616,1,1.86,2.96,3.84,2.48
617,1,3.48,3.86,2.2,2.43
618,1,0.91,0.56,1.97,2.82
619,1,4.92,3.47,4.24,3.19
620,1,2.56,2.69,3.7,3.63
621,1,2.42,3.43,3.29,3.09
622,1,2.4,2.78,2.39,2.69
623,0,3.86,3.94,2.3,2.87
624,1,2.92,1.23,2.71,2.39
625,1,2.18,2.03,3.42,2.9
626,1,2.73,1.92,4.16,1.73
627,1,1.14,3.53,3.96,2.76
628,1,2.4,2.87,4.23,3.08
629,0,4.5,2.47,1.5,1.11
630,1,4.44,4.26,2.84,2.17
631,1,3.29,2.78,2.69,3.47
632,0,2.43,2.32,2.84,2.71
633,1,1.6,1.97,3.9,3.06
634,1,1.36,0.37,4.04,2.23
635,0,1.89,1.22,4.45,3.19
636,0,2.29,3.75,2.31,2.84
637,1,4.13,3.29,3.4,2.81
638,1,2.01,0.35,4.13,2.94
639,1,2.66,2.16,3,2.57
640,0,2.53,3.03,2.26,2.3
641,0,4.1,1.61,2.75,2.38
642,0,3.66,4.98,2.79,2.85
643,1,2.68,3.58,2.31,2.3
644,1,6,3.86,2.4,2.85
645,1,2.77,1.37,2.41,2.7
646,0,4.51,2.45,4.06,3.82
647,1,4.36,3.04,3.38,2.17
648,0,4.4,3.46,1.66,2.57
649,0,2.27,3.83,2.86,1.75
650,0,3.25,2.97,2.81,2.69
651,0,2.81,4.86,2.64,2
652,0,5.15,4.55,2.8,2.07
653,1,1.96,2.73,3.6,2.34
654,1,2.06,3.46,2.97,1.82
655,1,1.68,3.25,3.59,2.79
656,1,2.29,3.18,3.59,2.82
657,0,5.34,1.38,1.94,1.78
658,1,3.67,3.6,3.77,2.77
659,0,4.3,4.29,2.38,2.21
660,1,2.96,2.77,3.59,2.35
661,1,4.92,3.12,1.75,2.41
662,0,2.42,3.33,0.94,1.26
663,0,3.33,1.18,2.16,2.99
664,1,2.58,2.43,2.99,2.33
665,0,5.1,1.11,3.11,2.74
666,1,3.36,3.91,2.71,2.73
667,1,4.41,4.53,1.53,3.34
668,0,3.74,2.45,2.76,3.42
669,0,2.52,5.31,1.66,2.89
670,1,4.62,3.49,3.21,2.78
671,0,3.53,4.77,1.35,1.04
672,0,2.18,5.04,1.81,2.89
673,0,2.69,4.72,3.21,2.68
674,1,2.7,1.45,2.6,2.17
675,1,1.91,2.61,3.1,2.94
676,0,3.64,2.15,3.42,2.11
677,0,3.22,4.86,1.18,2.15
678,1,0.49,3.1,4.15,3.01
679,0,4.45,1.82,2.97,2.31
680,0,3.2,3.44,2.18,2.1
681,0,2.87,3.1,3.04,2.29
682,0,2.81,2.6,1.69,2.21
683,1,1.87,2.21,2.74,2.95
684,1,3.25,4.68,2.66,2.19
685,1,4.03,1.86,3.18,2.62
686,0,4.18,3.3,1.92,2.4
687,0,2.94,3.53,2.25,2.25
688,1,1.97,3.91,3.22,2.86
689,1,1.67,4.47,4.11,2.21
690,1,5,3.63,4.06,1.73
691,1,2.29,1.94,3.87,1.94
692,0,3.4,5.57,2.56,2.43
693,1,4.19,1.75,2.57,2.67
694,1,3.42,2.35,3.49,2.99
695,1,3.43,4.28,3.2,2.69
696,1,0.96,2.61,3.1,2.18
697,0,3.58,2.91,1.43,2.8
698,0,3.83,3.59,3.27,2.27
699,0,2.72,4.77,1.99,2.27
700,1,4.2,3.03,2.27,2.06
701,0,3.72,3.89,1.83,1.94
702,0,5.44,4.84,1.57,1.84
703,0,2.25,3.07,2.08,2.59
704,1,3.88,2.66,3.14,3.13
705,1,3.72,2.02,4.11,2.16
706,0,1.68,1.96,2.22,1.83
707,0,3.73,3.77,1.67,1.72
708,1,3.36,0.71,3.83,2.6
709,0,5.58,1.89,1.78,1.5
710,1,3.51,2.51,3.11,1.78
711,1,3.82,3.03,3.43,2.78
712,0,5.79,4.17,2.11,2.51
713,0,3.96,5.39,1.1,1.26
714,1,5.67,4.53,2.39,3.01
715,1,4.62,3.52,2.72,2.53
716,1,3.8,1.81,3.99,2.49
717,0,3.71,6,2.56,1.95
718,1,3.81,4.23,2.86,2.81
719,0,4,4.49,1.39,1.67
720,1,3.17,2.02,3.01,3.37
721,1,1.41,0,3.58,2.95
722,0,5.1,1.41,1.48,1.88
723,1,2.59,1.31,3.98,2.44
724,0,3.02,3.14,1.63,2.72
725,1,3.8,2.99,1.96,2.01
726,1,2.68,1.57,2.49,1.54
727,0,1.48,2.36,3.16,3.42
728,0,2.49,2.43,4.49,2.51
729,1,4.99,3.54,3.62,1.72
730,0,3.73,4.07,2.74,2.76
731,0,3.87,5.82,2.35,2.45
732,0,3.73,1.63,2,3.02
733,0,3.93,1.68,2.93,2.56
734,0,5.95,3.6,3.13,2
735,1,2.32,2.96,3.07,2.72
736,1,1.76,2.77,4.53,2.52
737,0,2.39,4.07,2.74,3.2
738,1,2.76,3.27,3.86,1.63
739,0,1.67,2.3,1.52,2.22
740,1,3.53,2.6,4.18,2.66
741,1,2.51,0.94,3.45,1.97
742,1,4.72,3.62,4.14,3.48
743,1,2.19,3.79,3.07,2.52
744,1,3.49,4.15,3.67,3.04
745,1,5.38,2.12,1.53,2.1
746,1,2.08,2.57,3.33,3.04
747,0,4.54,2.76,2.4,1.89
748,0,2.31,2.84,3.02,3.13
749,0,2.28,1.82,1.8,3.35
750,1,2.9,3.44,2.74,1.62
751,0,4.79,4.4,2.13,1.34
752,1,2.52,1.25,3.87,1.86
753,0,2.99,1.47,2.75,2.99
754,1,2.33,3.46,2.84,2.99
755,1,2.04,2.84,3.72,2.54
756,0,3.77,2.46,3.29,2.81
757,1,1.18,3.28,4.9,3.11
758,1,3.42,3.19,2.69,2.22
759,0,3.71,5.6,1.22,1.81
760,1,4.99,5.73,2.53,2.5
761,0,3.95,1.83,2.42,2.67
762,1,1.69,4.24,3.39,2.28
763,1,4.25,4.06,2.97,1.92
764,1,1.69,1.13,3.62,2.31
765,1,5.12,3.97,2.45,1.75
766,1,1.92,3.04,3.62,2.72
767,0,5.02,1.57,2.84,2.5
768,1,4.39,2.3,1.76,2.28
769,1,2.23,0.56,3.74,1.57
770,1,5.43,2.92,1.43,2.17
771,0,3,1.91,0.74,2.79
772,1,0.65,2.76,2.35,3.08
773,1,3.9,1.29,4.47,2.43
774,1,2.89,2.85,2.27,1.69
775,1,1.14,0.86,2.91,3.12
776,0,4.06,2.61,2.58,2.73
777,1,3.18,4.01,4.24,2.22
778,0,4.49,2.97,2.71,2.03
779,1,2.58,3.76,3.21,2.85
780,0,1.26,1.37,3.36,2.08
781,0,3.49,3.36,3.01,2.21
782,1,3.43,1.88,2.19,2.44
783,1,5.15,3.38,3.38,1.79
784,1,3.53,3.4,3.56,2.01
785,1,3.01,3.36,3.15,2.59
786,1,1.57,3.11,2.27,3.44
787,1,0.42,0.51,4.12,3.23
788,1,4.81,3.78,3.65,3.4
789,0,3.59,4.75,1.99,2.43
790,1,2.47,1.14,3.16,2.11
791,0,3.76,2.87,3.45,2.06
792,0,4.34,4.71,2.46,1.97
793,0,2.41,1.38,2.1,2.08
794,1,1.09,0.23,4.17,2.68
795,1,1.72,3.26,3.9,2.83
796,0,3.34,2.11,1.96,2.57
797,0,1.72,5.1,3.15,1.83
798,1,0.59,0,4.59,1.71
799,0,2.05,3.94,2.41,2.32
800,1,2.75,3.75,2.63,2.15
801,0,3.87,3.87,3.13,2.24
802,1,2.25,2.75,4.07,2.29
803,1,3.68,4.01,3.07,1.96
804,1,2.29,1.1,3.37,2.26
805,0,2.84,5.01,1.26,2.19
806,0,3.5,4.99,1.12,1
807,0,3.22,2.79,1.83,2.08
808,1,2.3,2.58,3.35,3.33
809,1,3.54,3.92,3.08,2.19
810,1,2.56,2.99,3.05,3.2
811,1,3.46,3.07,3.34,2.75
812,0,3.06,4.64,1.58,2.55
813,1,3.13,2.25,2.07,1.12
814,1,2.88,2.83,1.71,2.01
815,1,0.69,1.58,3.07,1.23
816,1,3.67,3.03,2.61,1.82
817,1,4.97,4.05,2.49,1.62
818,1,4.26,1.37,3.26,1.84
819,1,4.85,3.79,3.23,2.36
820,0,1.98,2.51,2.17,2.43
821,0,4.53,2.12,3.4,2.7
822,0,2.56,5.9,2.52,2.45
823,0,1.1,2.91,2.72,1.83
824,0,5.24,4.59,1.03,1.32
825,0,2.24,2.59,2.68,2.73
826,0,2.98,2.88,4.3,1.58
827,0,5.91,2.61,4.37,2.05
828,1,3.5,4.49,3.54,1.42
829,0,4.1,3.19,2.13,2.8
830,0,2.5,1.68,3.71,2.92
831,1,4.11,1.45,3.85,2.17
832,0,3.83,2.54,2.84,2.42
833,1,3.09,2,3.3,2.73
834,1,4.54,5.74,2.58,2.38
835,1,3.44,4.55,2.17,2.37
836,1,3.65,1.56,4.18,2.39
837,1,1.99,1.32,3.31,3.39
838,1,2.78,2.19,2.95,3.22
839,1,2.92,2.79,3.7,2.93
840,0,2.44,4.72,2.15,1.7
841,0,2.42,3.06,2.53,2.92
842,1,4.4,3.24,4.42,3.22
843,0,5.02,3.94,2.02,2.69
844,1,4.46,2.72,2.67,2.58
845,1,3.45,2,3.5,1.85
846,1,3.11,2.84,2.7,1.81
847,0,1.97,3.2,2.02,1.82
848,0,1.93,3.53,4.34,1.14
849,1,0.55,0.83,4,2.53
850,0,3.32,4.85,2.64,2.72
851,1,0.37,1.9,2.64,2.98
852,1,4.04,4.56,3.77,1.49
853,0,1.87,3.62,1.17,2.36
854,0,3.55,6,4.33,2.8
855,0,5.46,3.82,2.92,2.03
856,1,2.69,0.71,4.72,1.77
857,1,2.27,0.45,3.56,2.35
858,0,2.88,3.97,2.23,2.24
859,0,0.38,4.57,3.92,3.74
860,0,4.86,4.76,1.57,1.98
861,1,2.6,2.98,2.15,3.3
862,0,2.88,2.54,1.94,2.38
863,0,3.55,3.97,3.16,2.92
864,1,3.42,2.63,3.13,2.87
865,0,3.83,1.9,3.03,2.32
866,1,2.4,2.57,3.5,2.03
867,0,5,3.7,2.21,2.53
868,1,3.93,1.17,2.86,2.46
869,0,3.32,3.02,2.45,2.53
870,0,2.52,3.57,2.86,2.62
871,1,2.49,0.2,3.59,2.01
872,1,2.44,2.21,2.06,3.21
873,1,3.98,3.2,2.51,1.62
874,1,2.88,3.42,2.96,2.11
875,0,2.54,0.79,2.46,1.99
876,1,2.88,2.84,3.57,2.35
877,0,4.3,4.53,3.26,3.12
878,0,3.77,4.15,2.79,0.93
879,0,4.65,3.87,2.64,1.54
880,1,3.89,3.34,3.72,2.08
881,0,3.97,4.88,3.65,1.76
882,1,2.28,2.53,2.63,1.99
883,1,2.56,4.08,2.8,2.36
884,1,4.98,4.81,2.19,2.55
885,0,2.91,5.59,2.48,2.56
886,0,2.41,3.82,1.65,2.93
887,0,2.65,3.03,3.33,2.18
888,0,3.02,2.56,3.19,1.73
889,1,3.03,2.51,2.2,2.11
890,0,4.79,5.62,1.18,2.58
891,0,4.79,4.08,2.27,1.93
892,0,0.68,4.11,1.8,1.74
893,0,4.25,3.41,1.94,2.12
894,1,2.55,2.86,3.41,2.58
895,1,2.74,2.74,3.22,2.02
896,0,3.44,3.65,2.61,1.53
897,1,4.09,1.93,2.14,2.99
898,0,3.91,3.69,1.25,1.24
899,0,5.22,3.54,1.66,2.61
900,0,5.63,3.2,2.45,2.01
901,1,3.1,4.73,3.46,2.52
902,1,5.52,0.82,3.76,3.43
903,1,5.39,4.05,2.99,2.46
904,1,5.05,3.41,2.68,2.82
905,0,3.92,6,3.01,2.82
906,0,5.77,4.07,0.57,1.4
907,0,2.61,3.41,3.06,1.94
908,1,3.34,2.25,3.98,1.84
909,1,1.38,1.27,3.66,1.93
910,1,4.47,1.8,3.2,2.99
911,0,3.19,2.67,3.17,2.27
912,1,1.86,2.21,2.81,2.86
913,1,1.94,2.82,3.93,2.88
914,1,3.85,6,3.56,2.46
915,1,3.77,1.61,3.48,1.51
916,1,3.09,0.21,2.13,2.67
917,1,2.22,3.84,2.56,1.11
918,1,0.82,1.5,4.04,2.81
919,1,2.15,2.59,2.85,2.78
920,0,3.81,3.58,3.08,2.3
921,0,2.11,1.36,2.78,2.43
922,0,4.7,3.84,1.08,1.5
923,1,2.35,3.75,3.99,2.86
924,0,6,4.61,1.97,2.24
925,0,2.45,4.5,3.61,2.41
926,0,3.97,4.85,1.82,2.93
927,0,3.83,2.94,2.95,3.28
928,1,3.27,2.73,3.04,2.18
929,0,3.37,4.6,1.48,3.1
930,0,4.18,4.07,3.68,2.71
931,1,0,2.37,3.53,2.39
932,1,4.11,2.81,2.03,1.4
933,0,3.44,4.07,1.44,1.75
934,0,3.21,2.96,1.87,2.95
935,0,3.29,2.89,1.66,2.19
936,0,4.83,4.36,1.06,2
937,1,3.38,1.26,4.04,2.95
938,1,2.22,3.62,2.67,2.34
939,1,2.2,0.09,5.76,2.41
940,0,4.81,3.92,2.96,1.29
941,0,3.61,4.89,2,2.29
942,0,2.13,6,0.06,2.44
943,1,2.36,3.01,3.44,2.02
944,1,2.97,3.69,2.26,2.01
945,1,3.9,2.87,2.51,2.28
946,1,2.14,2.59,2.55,2.92
947,0,4.15,4.63,2.83,2.71
948,1,0.2,3.01,3.03,3.31
949,0,2.18,4.34,2.42,1.95
950,1,3.5,4.19,2.33,1.98
951,1,1.73,1.56,2.7,3.58
952,1,3.04,2.54,3.04,3.28
953,0,3.21,1.71,1.92,2.37
954,0,3.64,2.55,3.75,1.71
955,1,2.4,2.16,3.72,2.65
956,0,3.43,5.03,2.61,1.99
957,1,2.51,2.28,3.24,2.49
958,0,3.14,4.61,3.18,2.04
959,1,0.79,2.93,4.05,2.65
960,0,4.43,4.12,2.59,2.47
961,0,4.44,1.62,2.37,3.05
962,1,2.66,2.03,2.98,3.14
963,1,1.37,2.14,2.59,3.38
964,0,4.66,3.36,1.71,1.58
965,1,2.77,2.78,3.29,2.25
966,1,3.39,1.36,3.79,2.4
967,1,4.91,2.23,2.83,1.68
968,0,1.24,4.12,2.17,2.64
969,0,2.19,1.62,2.59,1.93
970,1,2.78,1.05,2.15,2.25
971,0,4.83,3.69,1.79,1.94
972,0,3.46,2.74,2.73,2.65
973,1,4.68,3.82,2.3,1.93
974,0,3.1,3.4,3.36,3.11
975,0,3.73,2.38,2.51,1.72
976,1,1.45,2.64,2.14,2.77
977,1,2.41,1.2,3.29,2.07
978,0,3.61,4.28,2.77,1.44
979,1,2.3,2.65,2.86,1.85
980,1,4.54,3.25,5.38,1.79
981,1,3.3,2.48,1.54,2.36
982,0,3.4,4.8,1.73,2.43
983,0,3.99,2.66,2.76,1.56
984,1,1.33,2.06,3.69,3.05
985,0,2.21,3.92,1.85,2.18
986,1,2.78,3.55,2,2.47
987,0,3.8,4.15,2.91,3.03
988,0,4.27,4.15,1.83,2.03
989,1,0.85,4.17,1.6,2.61
990,1,3.59,1.9,2.64,3.13
991,0,3.83,3.48,1.1,2.18
992,1,2.15,2.77,2.58,2.86
993,1,0.64,2.15,3.46,1.74
994,1,2.85,1.86,3.17,3.33
995,0,3.53,3.9,0.98,2.44
996,0,2.49,4.21,2.81,2.34
997,0,2.98,2.91,1.97,2.88
998,1,2.71,0.9,3.39,1.89
999,0,2.26,1.18,3.61,2.14
1000,1,1.1,2.8,3.8,3.06
