Employee_ID,Gender,Age
1001,Woman,30.50684932
1002,Woman,60.30684932
1003,Woman,50.20547945
1004,Man,46.10684932
1005,Man,40.90684932
1006,Woman,53.30684932
1007,Man,38.40547945
1008,Man,51.50684932
1009,Woman,30.60547945
1010,Man,46.90684932
1011,Man,41.70684932
1012,Woman,41.10684932
1013,Woman,39.10684932
1014,Man,56.10684932
1015,Woman,55.50684932
1016,Woman,45.20821918
1017,Woman,57.90684932
1018,Woman,46.00547945
1020,Woman,48.10684932
1021,Woman,48.70684932
1022,Woman,41.30684932
1023,Woman,27.90684932
1024,Man,36.50684932
1025,Man,41.60547945
1026,Man,52.30684932
1027,Man,44.10684932
1028,Woman,29.30684932
1029,Man,39.50684932
1030,Woman,55.50684932
1031,Woman,27.10684932
1032,Man,43.80547945
1033,Man,42.30684932
1034,Woman,33.50684932
1035,Woman,57.10684932
1036,Woman,30.60547945
1037,Woman,42.30684932
1038,Woman,39.80547945
1039,Woman,30.10684932
1040,Man,37.60547945
1041,Woman,36.60547945
1042,Woman,27.40547945
1043,Man,41.20821918
1044,Man,36.60547945
1045,Man,28.10684932
1046,Man,45.70684932
1047,Woman,35.60547945
1048,Man,51.00547945
1049,Man,44.60547945
1050,Woman,46.40547945
1051,Woman,36.00547945
1052,Man,24.00547945
1053,Woman,46.10684932
1054,Woman,38.40547945
1055,Woman,39.10684932
1056,Woman,42.60547945
1057,Woman,49.90684932
1058,Woman,48.00547945
1059,Man,40.20821918
1060,Man,29.70684932
1061,Man,43.90684932
1062,Woman,54.40547945
1063,Man,38.90684932
1064,Woman,49.00547945
1065,Woman,39.30684932
1066,Woman,52.80547945
1067,Woman,46.30684932
1068,Woman,46.70684932
1069,Woman,29.80547945
1070,Man,45.70684932
1071,Woman,37.30684932
1072,Woman,40.80547945
1073,Man,42.00547945
1074,Woman,24.90684932
1075,Woman,33.50684932
1076,Woman,43.60547945
1077,Woman,35.90684932
1078,Man,40.50684932
1079,Woman,47.00547945
1080,Woman,37.10684932
1081,Woman,24.20547945
1082,Woman,24.30684932
1083,Woman,39.00547945
1084,Woman,39.80547945
1085,Woman,36.90684932
1086,Man,43.10684932
1087,Man,42.20821918
1088,Woman,34.00547945
1089,Woman,30.90684932
1090,Man,56.30684932
1091,Man,46.90684932
1092,Man,47.00547945
1093,Man,55.20547945
1094,Woman,54.50684932
1095,Woman,37.70684932
1096,Woman,29.10684932
1097,Man,34.80547945
1098,Man,40.40547945
1099,Woman,43.50684932
1100,Man,49.30684932
1101,Woman,43.00547945
1102,Woman,40.70684932
1103,Man,51.90684932
1104,Man,52.90684932
1105,Man,30.10684932
1106,Woman,38.60547945
1107,Man,43.90684932
1108,Man,33.60547945
1109,Woman,27.30684932
1110,Woman,45.00547945
1111,Man,48.20547945
1112,Man,49.70684932
1113,Woman,37.60547945
1114,Woman,29.00547945
1115,Man,48.80547945
1116,Woman,34.00547945
1117,Man,52.30684932
1118,Man,30.50684932
1119,Woman,54.60547945
1120,Woman,47.00547945
1121,Woman,45.00547945
1122,Man,40.70684932
1123,Woman,35.10684932
1124,Man,46.10684932
1125,Man,24.80547945
1126,Man,30.30684932
1127,Woman,42.50684932
1128,Woman,34.80547945
1129,Woman,41.20821918
1130,Man,30.00547945
1131,Man,43.00547945
1132,Woman,33.50684932
1133,Man,39.90684932
1134,Man,54.50684932
1135,Man,46.70684932
1136,Woman,41.40547945
1137,Woman,42.60547945
1138,Woman,38.40547945
1139,Man,46.20821918
1140,Woman,27.20547945
1141,Woman,47.90684932
1142,Woman,42.40547945
1143,Woman,32.40547945
1144,Man,36.40547945
1145,Woman,33.60547945
1146,Man,38.10684932
1147,Woman,31.40547945
1148,Man,41.30684932
1149,Man,59.00547945
1150,Man,46.10684932
1151,Man,43.60547945
1152,Man,35.50684932
1153,Woman,47.50684932
1154,Woman,30.40547945
1155,Man,63.80547945
1156,Man,45.80547945
1157,Woman,37.20821918
1158,Man,50.00547945
1159,Man,42.80547945
1160,Woman,43.10684932
1161,Woman,42.60547945
1162,Man,32.90684932
1163,Man,40.70684932
1164,Woman,49.30684932
1165,Man,39.30684932
1166,Man,29.90684932
1167,Man,38.20821918
1168,Man,29.90684932
1169,Woman,44.20821918
1170,Woman,49.40547945
1171,Man,41.70684932
1172,Man,31.00547945
1173,Man,40.40547945
1174,Man,43.90684932
1176,Man,52.40547945
1177,Man,45.10684932
1178,Woman,40.40547945
1179,Man,44.20821918
1180,Woman,38.10684932
1181,Woman,46.40547945
1182,Woman,42.40547945
1183,Woman,30.50684932
1184,Man,23.80547945
1185,Woman,38.20821918
1186,Man,41.60547945
1187,Woman,45.20821918
1188,Woman,32.80547945
1189,Woman,53.10684932
1190,Woman,35.50684932
1191,Man,37.20821918
1192,Man,58.30684932
1193,Man,41.10684932
1194,Woman,38.90684932
1195,Woman,22.60547945
1196,Woman,42.10684932
1197,Man,40.90684932
1198,Man,32.90684932
1199,Man,40.20821918
1200,Man,52.60547945
1201,Man,32.20547945
1202,Man,41.40547945
1203,Man,35.90684932
1204,Man,39.50684932
1205,Man,50.80547945
1206,Man,55.60547945
1207,Man,40.40547945
1208,Woman,41.20821918
1209,Woman,36.20821918
1210,Woman,31.70684932
1211,Man,45.40547945
1212,Man,26.80547945
1213,Woman,44.60547945
1214,Woman,31.90684932
1216,Woman,26.20547945
1217,Woman,45.70684932
1218,Woman,44.90684932
1219,Woman,37.00547945
1220,Man,57.80547945
1221,Man,48.70684932
1222,Man,37.40547945
1223,Man,56.50684932
1224,Man,44.80547945
1225,Woman,30.80547945
1226,Woman,31.10684932
1227,Woman,43.00547945
1228,Woman,38.20821918
1229,Man,43.90684932
1230,Woman,48.00547945
1231,Man,35.20821918
1232,Woman,60.60547945
1233,Man,42.40547945
1234,Woman,37.90684932
1235,Woman,36.40547945
1236,Woman,36.80547945
1237,Woman,40.70684932
1238,Woman,30.70684932
1239,Woman,30.80547945
1240,Woman,39.80547945
1241,Man,40.90684932
1242,Man,39.70684932
1243,Man,46.20821918
1244,Man,42.00547945
1245,Man,45.80547945
1246,Woman,36.90684932
1247,Man,44.10684932
1248,Woman,37.00547945
1249,Man,23.50684932
1250,Man,41.40547945
1251,Woman,48.30684932
1252,Woman,51.20547945
1253,Man,50.90684932
1254,Woman,35.90684932
1255,Woman,36.30684932
1256,Man,31.40547945
1257,Man,29.30684932
1258,Man,45.70684932
1260,Woman,37.90684932
1261,Woman,51.00547945
1262,Woman,28.30684932
1263,Man,45.30684932
1264,Man,36.00547945
1265,Woman,42.00547945
1266,Man,37.20821918
1267,Man,37.30684932
1268,Woman,33.50684932
1269,Woman,29.60547945
1270,Woman,31.10684932
1271,Woman,34.10684932
1272,Man,35.30684932
1273,Woman,32.00547945
1274,Man,41.90684932
1275,Man,35.20821918
1276,Man,46.50684932
1277,Woman,35.20821918
1278,Woman,43.90684932
1279,Man,40.80547945
1280,Man,44.60547945
1281,Woman,43.90684932
1282,Man,41.30684932
1283,Woman,65.10684932
1284,Man,35.50684932
1285,Woman,32.00547945
1286,Man,50.40547945
1287,Woman,32.50684932
1288,Man,26.00547945
1289,Man,37.10684932
1290,Man,44.10684932
1291,Man,47.20547945
1292,Man,40.80547945
1293,Woman,30.90684932
1294,Woman,26.00547945
1295,Man,42.40547945
1296,Woman,57.40547945
1297,Woman,46.20821918
1298,Man,52.00547945
1299,Man,52.10684932
1300,Man,43.60547945
1301,Woman,37.70684932
1302,Woman,23.80547945
1303,Man,37.70684932
1304,Man,49.40547945
1305,Woman,30.30684932
1306,Man,28.00547945
1307,Woman,36.40547945
1308,Man,52.10684932
1309,Woman,38.40547945
1310,Man,28.20547945
1311,Woman,37.60547945
1312,Woman,35.00547945
1313,Man,52.10684932
1314,Woman,46.50684932
1315,Man,43.20821918
1316,Woman,38.10684932
1317,Woman,51.50684932
1318,Man,29.90684932
1319,Man,42.20821918
1320,Woman,34.80547945
1321,Man,27.00547945
1322,Woman,39.50684932
1323,Woman,37.60547945
1324,Man,52.60547945
1325,Man,36.90684932
1326,Man,47.70684932
1327,Man,46.30684932
1328,Man,57.60547945
1329,Woman,46.50684932
1330,Man,31.30684932
1331,Man,42.30684932
1332,Woman,41.60547945
1333,Woman,48.40547945
1334,Woman,47.20547945
1335,Woman,52.40547945
1336,Woman,49.60547945
1337,Woman,43.20821918
1338,Man,49.00547945
1339,Man,56.90684932
1340,Woman,39.50684932
1341,Man,24.70684932
1342,Woman,26.20547945
1343,Man,36.00547945
1344,Man,39.60547945
1345,Man,39.20821918
1346,Woman,40.70684932
1347,Man,55.50684932
1348,Woman,39.20821918
1349,Woman,39.40547945
1350,Man,46.30684932
1351,Man,48.50684932
1352,Woman,27.10684932
1353,Woman,36.10684932
1354,Woman,39.20821918
1355,Woman,38.90684932
1356,Man,33.20547945
1357,Man,28.90684932
1358,Woman,33.20547945
1359,Man,36.00547945
1360,Woman,43.30684932
1361,Man,29.10684932
1362,Woman,37.90684932
1363,Man,48.50684932
1364,Woman,31.20547945
1365,Man,37.10684932
1366,Man,52.50684932
1367,Woman,35.20821918
1368,Man,33.20547945
1369,Man,36.10684932
1370,Woman,39.60547945
1371,Woman,38.80547945
1372,Man,35.30684932
1373,Woman,42.60547945
1374,Woman,38.80547945
1375,Man,30.00547945
1376,Woman,29.40547945
1377,Man,38.00547945
1378,Woman,25.70684932
1379,Woman,35.80547945
1380,Man,27.20547945
1381,Man,32.90684932
1382,Woman,45.70684932
1383,Man,51.40547945
1384,Woman,54.00547945
1385,Woman,47.80547945
1386,Woman,25.90684932
1387,Woman,37.90684932
1388,Man,38.50684932
1389,Woman,46.00547945
1390,Woman,44.20821918
1391,Woman,46.50684932
1392,Man,32.80547945
1393,Man,59.20547945
1394,Man,34.30684932
1395,Man,44.40547945
1396,Woman,43.10684932
1397,Man,44.60547945
1398,Woman,41.90684932
1399,Man,38.90684932
1400,Woman,41.10684932
1401,Man,49.50684932
1402,Man,36.40547945
1403,Woman,51.60547945
1404,Woman,34.70684932
1405,Woman,48.80547945
1406,Woman,58.10684932
1407,Man,42.30684932
1408,Woman,43.60547945
1409,Man,44.70684932
1410,Man,37.50684932
1411,Man,48.90684932
1412,Woman,44.60547945
1413,Woman,57.80547945
1414,Woman,37.90684932
1415,Man,48.90684932
1416,Man,33.70684932
1417,Man,42.70684932
1418,Woman,31.40547945
1419,Man,38.80547945
1420,Man,45.30684932
1421,Man,36.90684932
1422,Man,50.00547945
1423,Man,32.90684932
1424,Woman,43.80547945
1425,Woman,36.90684932
1426,Man,28.90684932
1427,Woman,26.30684932
1428,Woman,37.70684932
1429,Woman,39.00547945
1430,Man,29.10684932
1431,Man,35.40547945
1432,Man,39.70684932
1433,Man,24.60547945
1434,Man,37.60547945
1435,Woman,39.80547945
1436,Man,37.70684932
1437,Man,37.30684932
1438,Man,48.70684932
1439,Woman,44.00547945
1440,Man,28.10684932
1441,Woman,50.50684932
1442,Man,28.30684932
1443,Man,48.20547945
1444,Man,48.30684932
1445,Woman,44.40547945
1446,Woman,41.90684932
1447,Woman,28.90684932
1448,Man,27.30684932
1449,Woman,54.60547945
1450,Man,52.90684932
1451,Woman,38.10684932
1452,Woman,37.10684932
1453,Woman,30.80547945
1454,Woman,43.00547945
1455,Man,42.60547945
1456,Man,38.40547945
1457,Woman,37.90684932
1458,Man,50.00547945
1459,Woman,34.70684932
1460,Man,34.50684932
1461,Man,49.20547945
1462,Woman,42.30684932
1463,Woman,53.30684932
1464,Woman,44.20821918
1465,Woman,45.80547945
1466,Man,47.00547945
1467,Man,39.60547945
1468,Man,48.00547945
1469,Man,30.30684932
1470,Woman,40.60547945
1471,Woman,42.90684932
1472,Man,40.30684932
1473,Man,40.10684932
1474,Man,35.30684932
1475,Man,34.10684932
1476,Woman,23.20547945
1477,Woman,42.50684932
1478,Man,23.50684932
1479,Woman,23.30684932
1480,Man,31.90684932
1481,Man,50.40547945
1482,Man,42.70684932
1483,Woman,29.50684932
1484,Man,45.00547945
1485,Woman,37.90684932
1486,Woman,43.50684932
1487,Woman,50.70684932
1488,Man,46.60547945
1489,Man,44.40547945
1490,Man,54.30684932
1491,Woman,43.60547945
1492,Man,43.30684932
1493,Woman,39.80547945
1494,Woman,37.70684932
1495,Woman,48.10684932
1496,Man,46.90684932
1497,Man,27.70684932
1498,Woman,35.10684932
1499,Man,27.60547945
1500,Woman,53.10684932
1501,Man,32.70684932
1502,Man,35.60547945
1503,Woman,40.70684932
1504,Man,30.30684932
1505,Woman,28.60547945
1506,Woman,50.00547945
1507,Man,40.10684932
1508,Woman,53.40547945
1509,Woman,57.20547945
1511,Woman,37.90684932
1512,Woman,47.90684932
1513,Woman,42.40547945
1514,Woman,30.70684932
1515,Woman,30.80547945
1516,Man,35.40547945
1517,Woman,23.90684932
1518,Man,29.80547945
1519,Man,32.80547945
1520,Woman,24.40547945
1521,Man,30.50684932
1522,Woman,37.40547945
1523,Man,56.20547945
1524,Woman,44.90684932
1525,Man,50.30684932
1526,Woman,32.00547945
1527,Woman,32.10684932
1528,Woman,37.90684932
1530,Woman,35.40547945
1531,Woman,33.60547945
1532,Man,51.70684932
1533,Man,36.80547945
1534,Woman,34.20821918
1535,Woman,34.80547945
1536,Woman,47.50684932
1537,Man,30.30684932
1538,Man,41.80547945
1539,Woman,36.10684932
1540,Woman,45.50684932
1541,Woman,47.10684932
1542,Woman,36.40547945
1543,Man,36.50684932
1544,Woman,45.80547945
1545,Man,39.30684932
1546,Man,47.80547945
1547,Man,39.10684932
1548,Woman,46.40547945
1549,Woman,51.60547945
1550,Man,42.30684932
1551,Woman,31.60547945
1552,Man,42.70684932
1553,Woman,26.00547945
1555,Man,25.00547945
1556,Woman,35.50684932
1557,Man,33.30684932
1558,Woman,57.20547945
1559,Woman,45.70684932
1560,Woman,46.00547945
1561,Man,33.70684932
1562,Woman,50.70684932
1563,Man,38.40547945
1564,Woman,45.90684932
1565,Man,32.60547945
1566,Woman,44.00547945
1567,Woman,57.20547945
1568,Man,44.50684932
1569,Woman,44.00547945
1570,Woman,33.30684932
1571,Man,47.30684932
1572,Man,48.50684932
1573,Woman,39.50684932
1574,Woman,34.00547945
1575,Woman,41.50684932
1576,Woman,57.00547945
1577,Man,39.10684932
1578,Man,44.10684932
1579,Man,39.30684932
1580,Man,37.70684932
1581,Man,61.20547945
1582,Man,39.50684932
1583,Woman,39.20821918
1584,Woman,28.70684932
1585,Man,29.10684932
1586,Woman,42.50684932
1587,Man,52.10684932
1588,Woman,46.30684932
1589,Woman,46.90684932
1590,Woman,46.90684932
1591,Woman,36.80547945
1592,Man,46.10684932
1593,Man,37.80547945
1594,Woman,51.20547945
1595,Man,60.40547945
1596,Woman,36.30684932
1597,Man,39.10684932
1598,Man,53.00547945
1599,Woman,57.90684932
1600,Woman,37.80547945
1601,Man,33.40547945
1602,Woman,44.40547945
1603,Woman,32.90684932
1604,Woman,37.20821918
1605,Man,47.70684932
1606,Woman,57.20547945
1607,Man,30.30684932
1608,Woman,36.20821918
1609,Woman,37.50684932
1610,Woman,36.50684932
1611,Man,59.60547945
1612,Man,38.20821918
1613,Man,38.20821918
1614,Woman,34.60547945
1615,Man,45.90684932
1616,Woman,25.40547945
1617,Woman,48.50684932
1618,Man,38.00547945
1619,Man,43.80547945
1620,Man,51.60547945
1621,Woman,35.90684932
1622,Man,34.10684932
1623,Man,49.40547945
1624,Man,45.70684932
1625,Man,24.90684932
1626,Man,42.50684932
1627,Man,31.40547945
1628,Man,46.30684932
1629,Man,34.40547945
1630,Woman,38.00547945
1631,Woman,37.80547945
1632,Woman,31.30684932
1633,Woman,59.80547945
1634,Woman,39.90684932
1635,Woman,48.00547945
1636,Man,46.70684932
1637,Woman,55.30684932
1638,Man,48.70684932
1639,Woman,43.00547945
1640,Woman,54.30684932
1641,Man,49.50684932
1642,Man,48.10684932
1643,Man,38.10684932
1644,Woman,23.10684932
1645,Woman,20.30684932
1646,Woman,41.30684932
1647,Woman,32.40547945
1648,Woman,59.30684932
1649,Man,41.80547945
1650,Man,43.80547945
1651,Woman,28.00547945
1652,Woman,41.90684932
1653,Woman,38.60547945
1654,Man,42.70684932
1655,Man,37.70684932
1656,Man,36.30684932
1657,Man,38.80547945
1658,Woman,20.90684932
1659,Woman,46.50684932
1660,Man,46.00547945
1661,Man,49.60547945
1662,Man,32.70684932
1663,Woman,42.00547945
1664,Man,43.70684932
1665,Man,31.70684932
1666,Woman,24.90684932
1667,Man,44.60547945
1668,Woman,37.10684932
1669,Man,33.70684932
1670,Woman,51.60547945
1671,Man,34.50684932
1672,Woman,39.30684932
1673,Woman,43.40547945
1674,Man,36.70684932
1675,Man,36.60547945
1676,Man,45.70684932
1677,Man,40.70684932
1678,Woman,33.30684932
1679,Man,39.40547945
1680,Woman,53.60547945
1681,Man,49.90684932
1682,Man,46.50684932
1683,Man,20.30684932
1684,Woman,46.60547945
1685,Woman,38.40547945
1686,Woman,38.60547945
1687,Woman,32.00547945
1688,Woman,43.50684932
1689,Woman,29.10684932
1690,Man,47.10684932
1691,Woman,30.00547945
1692,Woman,44.60547945
1693,Man,50.70684932
1694,Woman,35.00547945
1695,Man,24.10684932
1696,Woman,42.00547945
1697,Woman,44.70684932
1698,Man,43.90684932
1699,Woman,34.40547945
1700,Man,32.80547945
1701,Man,45.60547945
1702,Man,48.50684932
1703,Man,45.00547945
1704,Man,42.30684932
1705,Woman,21.50684932
1706,Woman,47.10684932
1707,Woman,29.90684932
1708,Man,56.10684932
1709,Woman,20.30684932
1710,Man,21.30684932
1711,Woman,31.30684932
1712,Woman,64.80547945
1713,Woman,28.30684932
1714,Woman,43.00547945
1715,Man,33.30684932
1716,Woman,29.60547945
1717,Man,37.90684932
1718,Man,34.10684932
1719,Woman,34.90684932
1720,Woman,49.20547945
1721,Man,39.60547945
1722,Man,48.90684932
1723,Man,44.80547945
1724,Woman,44.10684932
1725,Woman,39.10684932
1726,Man,34.60547945
1727,Woman,20.30684932
1728,Man,47.00547945
1729,Man,38.50684932
1730,Woman,24.80547945
1731,Man,34.40547945
1732,Man,40.70684932
1733,Man,43.50684932
1734,Man,42.00547945
1735,Man,55.70684932
1736,Woman,37.20821918
1737,Woman,20.60547945
1738,Man,46.00547945
1739,Woman,20.30684932
1740,Woman,58.30684932
1741,Man,26.30684932
1742,Man,32.50684932
1743,Woman,44.00547945
1744,Woman,27.10684932
1745,Woman,41.80547945
1746,Woman,31.70684932
1747,Woman,35.80547945
1748,Woman,47.00547945
1749,Man,48.00547945
1750,Woman,45.40547945
1751,Man,47.80547945
1752,Woman,45.70684932
1753,Woman,42.60547945
1754,Woman,20.30684932
1755,Man,34.70684932
1756,Woman,45.50684932
1757,Woman,20.30684932
1758,Man,21.10684932
1759,Woman,20.30684932
1760,Man,20.30684932
1761,Woman,20.30684932
1762,Man,22.50684932
1763,Woman,20.30684932
1764,Man,21.30684932
